<Bindings>
	<Layer name="SI_KEYBINDINGS_LAYER_GENERAL">
		<Category name="Foundry Tactical Combat">
			<Action name="TOGGLE_COMBAT_LOG">
				<Down>FTC.Log:Toggle()</Down>
			</Action>
			<Action name="DISPLAY_DAMAGE_METER">
				<Down>FTC.Damage:ToggleMeter()</Down>
			</Action>
			<Action name="POST_DAMAGE_RESULTS">
				<Down>FTC.Damage:Post('damage')</Down>
			</Action>
			<Action name="POST_HEALING_RESULTS">
				<Down>FTC.Damage:Post('healing')</Down>
			</Action>
		</Category>
	</Layer>
</Bindings>
